<?xml version="1.0" encoding="UTF-8"?>
<!DOCTYPE hibernate-configuration PUBLIC "-//Hibernate/Hibernate Configuration DTD 3.0//EN" "http://hibernate.sourceforge.net/hibernate-configuration-3.0.dtd">
<hibernate-configuration>
  <session-factory>
    <property name="hibernate.dialect">org.hibernate.dialect.MySQLDialect</property>
    <property name="hibernate.connection.driver_class">com.mysql.jdbc.Driver</property>
    <property name="hibernate.connection.url">jdbc:mysql://localhost:3306/threadther?zeroDateTimeBehavior=convertToNull</property>
    <property name="hibernate.connection.username">root</property>
    <property name="hibernate.connection.password">root</property>
    <property name="hibernate.show_sql">true</property>
    <property name="hibernate.current_session_context_class">thread</property>
    <mapping resource="model/Movie.hbm.xml"/>
    <mapping resource="model/Cashier.hbm.xml"/>
    <mapping resource="model/Schedule.hbm.xml"/>
    <mapping resource="model/Admin.hbm.xml"/>
    <mapping resource="model/User.hbm.xml"/>
    <mapping resource="model/Cinema.hbm.xml"/>
    <mapping resource="model/Customer.hbm.xml"/>
    <mapping resource="model/Seat.hbm.xml"/>
    <mapping resource="model/Studio.hbm.xml"/>
    <mapping resource="model/Transaction.hbm.xml"/>
  </session-factory>
</hibernate-configuration>
