<?xml version="1.0"?>
<!DOCTYPE hibernate-mapping PUBLIC "-//Hibernate/Hibernate Mapping DTD 3.0//EN"
"http://www.hibernate.org/dtd/hibernate-mapping-3.0.dtd">
<!-- Generated Mar 16, 2018 9:31:51 PM by Hibernate Tools 4.3.1 -->
<hibernate-mapping>
    <class name="model.Admin" table="admin" catalog="threadther" optimistic-lock="version">
        <id name="userId" type="int">
            <column name="user_id" />
            <generator class="foreign">
                <param name="property">user</param>
            </generator>
        </id>
        <one-to-one name="user" class="model.User" constrained="true"></one-to-one>
        <property name="address" type="string">
            <column name="address" length="200" />
        </property>
    </class>
</hibernate-mapping>
