<?xml version="1.0" encoding="UTF-8"?>
<!DOCTYPE hibernate-reverse-engineering PUBLIC "-//Hibernate/Hibernate Reverse Engineering DTD 3.0//EN" "http://hibernate.sourceforge.net/hibernate-reverse-engineering-3.0.dtd">
<hibernate-reverse-engineering>
  <schema-selection match-catalog="threadther"/>
  <table-filter match-name="ticket"/>
  <table-filter match-name="transaction"/>
  <table-filter match-name="customer"/>
  <table-filter match-name="admin"/>
  <table-filter match-name="cashier"/>
  <table-filter match-name="movie"/>
  <table-filter match-name="studio"/>
  <table-filter match-name="user"/>
  <table-filter match-name="schedule"/>
  <table-filter match-name="cinema"/>
  <table-filter match-name="seat"/>
</hibernate-reverse-engineering>
