<?xml version="1.0"?>
<!DOCTYPE hibernate-mapping PUBLIC "-//Hibernate/Hibernate Mapping DTD 3.0//EN"
"http://www.hibernate.org/dtd/hibernate-mapping-3.0.dtd">
<!-- Generated Mar 16, 2018 9:31:51 PM by Hibernate Tools 4.3.1 -->
<hibernate-mapping>
    <class name="model.Studio" table="studio" catalog="threadther" optimistic-lock="version">
        <id name="studioNumber" type="java.lang.Integer">
            <column name="studio_number" />
            <generator class="identity" />
        </id>
        <many-to-one name="cinema" class="model.Cinema" fetch="select">
            <column name="cinema_name" length="50" />
        </many-to-one>
        <property name="studioName" type="string">
            <column name="studio_name" length="20" />
        </property>
        <property name="rowCapacity" type="java.lang.Integer">
            <column name="row_capacity" />
        </property>
        <property name="colCapacity" type="java.lang.Integer">
            <column name="col_capacity" />
        </property>
        <set name="schedules" table="schedule" inverse="true" lazy="true" fetch="select">
            <key>
                <column name="studio_number" not-null="true">
                    <comment>PK,FK Schedule</comment>
                </column>
            </key>
            <one-to-many class="model.Schedule" />
        </set>
        <set name="seats" table="seat" inverse="true" lazy="true" fetch="select">
            <key>
                <column name="studio_number" not-null="true">
                    <comment>PK,FK Seat</comment>
                </column>
            </key>
            <one-to-many class="model.Seat" />
        </set>
    </class>
</hibernate-mapping>
