<?xml version="1.0"?>
<!DOCTYPE hibernate-mapping PUBLIC "-//Hibernate/Hibernate Mapping DTD 3.0//EN"
"http://www.hibernate.org/dtd/hibernate-mapping-3.0.dtd">
<!-- Generated Mar 16, 2018 9:31:51 PM by Hibernate Tools 4.3.1 -->
<hibernate-mapping>
    <class name="model.Transaction" table="transaction" catalog="threadther" optimistic-lock="version">
        <id name="transactionId" type="java.lang.Integer">
            <column name="transaction_id" />
            <generator class="identity" />
        </id>
        <many-to-one name="schedule" class="model.Schedule" fetch="select">
            <column name="movie_start" length="19" not-null="true">
                <comment>FK Transaction</comment>
            </column>
            <column name="studio_number" not-null="true">
                <comment>FK Transaction</comment>
            </column>
        </many-to-one>
        <many-to-one name="user" class="model.User" fetch="select">
            <column name="user_id" />
        </many-to-one>
        <property name="status" type="java.lang.Integer">
            <column name="status">
                <comment>0 not printed, 1 printed</comment>
            </column>
        </property>
        <property name="time" type="timestamp">
            <column name="time" length="19" not-null="true" />
        </property>
        <set name="seats" table="ticket" inverse="false" lazy="true" fetch="select">
            <key>
                <column name="transaction_id" not-null="true">
                    <comment>PK,FK Transaction</comment>
                </column>
            </key>
            <many-to-many entity-name="model.Seat">
                <column name="seat_position" length="5" not-null="true">
                    <comment>PK,FK Transaction</comment>
                </column>
            </many-to-many>
        </set>
    </class>
</hibernate-mapping>
